fleet,detector,threshold,precision,per_fault_precision,recall,fp_per_10min,n_false_incidents,progressive_latency_median,expected_latency_median,n_expected,n_expected_detected
v2 test (reference),rule,-0.0867346959161708,0.828125,0.7924528301886793,0.9333333333333333,0.11306468099199982,11,76.0,188.0,5,4
v2 test (reference),lof,2.279166115803289,0.92,0.8666666666666667,0.8666666666666667,0.061671644177454445,6,25.0,7.0,5,4
v2 test (reference),hybrid_rule_fast,1.174862872982021,0.8481012658227848,0.7857142857142857,0.9777777777777777,0.12334328835490889,12,11.0,1.0,5,5
hot_climate,rule,-0.0867346959161708,0.803030303030303,0.7547169811320755,0.8888888888888888,0.1340282948622487,13,59.0,77.0,7,7
hot_climate,lof,2.279166115803289,0.873015873015873,0.8260869565217391,0.8444444444444444,0.08247895068446073,8,17.5,7.0,7,6
hot_climate,hybrid_rule_fast,1.174862872982021,0.9285714285714286,0.8888888888888888,0.8888888888888888,0.05154934417778796,5,6.0,2.0,7,7
noisy_sensors,rule,-0.0867346959161708,0.8135593220338984,0.7884615384615384,0.9111111111111111,0.11290157035820589,11,83.0,236.0,6,5
noisy_sensors,lof,2.279166115803289,0.5964912280701754,0.48314606741573035,0.9555555555555556,0.4721338396797701,46,26.0,4.5,6,6
noisy_sensors,hybrid_rule_fast,1.174862872982021,0.15,0.09053497942386832,0.9777777777777777,4.536590372575182,442,16.0,15.0,6,6
aged_batteries,rule,-0.0867346959161708,0.11752988047808766,0.08471074380165289,0.9111111111111111,4.59973003841761,443,65.0,144.5,6,6
aged_batteries,lof,2.279166115803289,0.6796116504854369,0.5540540540540541,0.9111111111111111,0.3426435468798671,33,14.5,7.0,6,6
aged_batteries,hybrid_rule_fast,1.174862872982021,0.16331658291457288,0.10723860589812333,0.8888888888888888,3.457584882151386,333,10.5,1.5,6,6
