precision,recall,f1,fp_per_10min,n_faults,n_detected,n_incidents,n_false_incidents,normal_fleet_minutes,per_fault_precision,progressive_latency_median,progressive_latency_p90,expected_latency_median,n_expected,n_expected_detected,threshold,open_n,close_m,cooldown_c
0.06917394224311618,0.9333333333333333,0.1288017507034076,14.246149804991978,45,42,1489,1386,972.8944444444444,0.029411764705882353,10.0,147.5,1.0,5,5,0.3929421686041609,1,5,30
0.06593406593406594,0.9333333333333333,0.12316715542521994,14.852587639403612,45,42,1547,1445,972.8944444444444,0.02824478816408877,7.0,101.5,1.0,5,5,0.4046039387057343,1,5,30
0.06753069577080491,0.9333333333333333,0.12594847562360853,14.050856265096705,45,42,1466,1367,972.8944444444444,0.029808374733853796,10.0,79.0,0.0,5,5,0.4558179715332383,1,5,30
0.07666385846672283,0.9333333333333333,0.14168937329700274,11.265353669748345,45,42,1187,1096,972.8944444444444,0.03690685413005272,10.0,151.5,0.0,5,5,0.5168763129305344,1,5,30
0.09472422062350119,0.9333333333333333,0.17199284659046726,7.760348558996351,45,42,834,755,972.8944444444444,0.05269761606022585,10.0,189.0,1.0,5,5,0.5944963953559427,1,5,30
0.11561561561561562,0.9333333333333333,0.20574482297929192,6.054099736753445,45,42,666,589,972.8944444444444,0.06656101426307448,10.0,191.0,1.0,5,5,0.6598909192308408,1,5,30
0.11578947368421053,0.9333333333333333,0.20602006688963212,6.043821129390536,45,42,665,588,972.8944444444444,0.06666666666666667,8.0,161.0,1.0,5,5,0.6646350420845759,1,5,30
0.13080895008605853,0.9333333333333333,0.2294587017468191,5.190696718269082,45,42,581,505,972.8944444444444,0.07678244972577697,10.0,192.0,1.0,5,5,0.6916875572563398,1,5,30
0.14035087719298245,0.9333333333333333,0.24400871459694987,4.532865847042902,45,42,513,441,972.8944444444444,0.08695652173913043,10.0,193.5,1.0,5,5,0.7316937362023899,1,5,30
0.15824175824175823,0.9333333333333333,0.2706040268456375,3.9367066199941756,45,42,455,383,972.8944444444444,0.0988235294117647,10.0,195.0,1.0,5,5,0.7671690382467936,1,5,30
0.18882978723404256,0.9555555555555556,0.31534369674120744,3.1349752456872677,45,43,376,305,972.8944444444444,0.1235632183908046,10.0,196.5,1.0,5,5,0.8057993963368888,1,5,30
0.22611464968152867,0.9777777777777777,0.3672917523955088,2.497701589186905,45,44,314,243,972.8944444444444,0.15331010452961671,9.0,196.60000000000005,1.0,5,5,0.8634088625337385,1,5,30
0.2868525896414343,0.9777777777777777,0.44357322878745453,1.8398707179607243,45,44,251,179,972.8944444444444,0.19730941704035873,11.0,197.00000000000006,1.0,5,5,0.9137617524332943,1,5,30
0.39226519337016574,0.9777777777777777,0.5599068016847387,1.1306468099199982,45,44,181,110,972.8944444444444,0.2857142857142857,11.0,197.00000000000006,1.0,5,5,0.9511012702387527,1,5,30
0.8375,0.9777777777777777,0.9022188217291507,0.13362189571781796,45,44,80,13,972.8944444444444,0.7719298245614035,11.0,199.80000000000007,1.0,5,5,1.1485300964470324,1,5,30
1.0,0.8888888888888888,0.9411764705882353,0.0,45,40,61,0,972.8944444444444,1.0,11.0,177.60000000000002,1.0,5,5,1.6643240138458386,1,5,30
1.0,0.8222222222222222,0.9024390243902439,0.0,45,37,56,0,972.8944444444444,1.0,14.0,222.0,2.0,5,5,2.373861771620964,1,5,30
1.0,0.8222222222222222,0.9024390243902439,0.0,45,37,51,0,972.8944444444444,1.0,51.0,238.0,5.0,5,5,3.2674303239146636,1,5,30
1.0,0.7555555555555555,0.8607594936708861,0.0,45,34,46,0,972.8944444444444,1.0,33.5,208.00000000000006,6.0,5,5,3.8780980386619204,1,5,30
1.0,0.7111111111111111,0.8311688311688311,0.0,45,32,46,0,972.8944444444444,1.0,58.0,218.60000000000002,6.0,5,5,4.285209848493425,1,5,30
1.0,0.6222222222222222,0.7671232876712328,0.0,45,28,45,0,972.8944444444444,1.0,65.5,191.20000000000002,7.0,5,4,4.895877563240681,1,5,30
1.0,0.6,0.7499999999999999,0.0,45,27,43,0,972.8944444444444,1.0,63.0,187.8,7.0,5,4,5.099433468156433,1,5,30
1.0,0.5777777777777777,0.732394366197183,0.0,45,26,41,0,972.8944444444444,1.0,93.5,237.10000000000002,7.0,5,4,5.302989373072186,1,5,30
1.0,0.5333333333333333,0.6956521739130436,0.0,45,24,35,0,972.8944444444444,1.0,79.0,206.99999999999994,8.0,5,4,5.618272491162303,1,5,30
1.0,0.5111111111111111,0.676470588235294,0.0,45,23,35,0,972.8944444444444,1.0,69.0,235.8,9.0,5,3,6.135004676538079,1,5,30
0.967741935483871,0.4888888888888889,0.6496062992125984,0.010278607362909075,45,22,31,1,972.8944444444444,0.9565217391304348,115.5,274.4,198.0,5,3,7.066537477864651,1,5,30
1.0,0.4666666666666667,0.6363636363636364,0.0,45,21,28,0,972.8944444444444,1.0,138.0,387.4000000000001,217.0,5,3,7.914374780493022,1,5,30
1.0,0.4444444444444444,0.6153846153846153,0.0,45,20,26,0,972.8944444444444,1.0,150.0,387.4000000000001,232.0,5,3,8.622977135835269,1,5,30
1.0,0.4444444444444444,0.6153846153846153,0.0,45,20,25,0,972.8944444444444,1.0,179.0,387.4000000000001,271.0,5,3,10.391886995965992,1,5,30
1.0,0.4,0.5714285714285715,0.0,45,18,23,0,972.8944444444444,1.0,314.0,423.6,inf,5,2,12.331361551112353,1,5,30
1.0,0.37777777777777777,0.5483870967741935,0.0,45,17,21,0,972.8944444444444,1.0,223.5,342.6,inf,5,2,13.729325762904326,1,5,30
1.0,0.37777777777777777,0.5483870967741935,0.0,45,17,21,0,972.8944444444444,1.0,243.0,366.1,inf,5,2,14.761607643205961,1,5,30
1.0,0.3333333333333333,0.5,0.0,45,15,17,0,972.8944444444444,1.0,395.0,397.4,inf,5,2,15.888159293997749,1,5,30
1.0,0.3111111111111111,0.4745762711864407,0.0,45,14,16,0,972.8944444444444,1.0,427.0,427.0,inf,5,1,17.470750868569432,1,5,30
1.0,0.28888888888888886,0.4482758620689655,0.0,45,13,14,0,972.8944444444444,1.0,482.0,482.0,inf,5,1,19.960247010732672,1,5,30
1.0,0.24444444444444444,0.39285714285714285,0.0,45,11,12,0,972.8944444444444,1.0,524.0,524.0,inf,5,1,21.869487641966778,1,5,30
1.0,0.2,0.33333333333333337,0.0,45,9,10,0,972.8944444444444,1.0,,,inf,5,0,32.27414677440935,1,5,30
1.0,0.2,0.33333333333333337,0.0,45,9,10,0,972.8944444444444,1.0,,,inf,5,0,38.61195301549684,1,5,30
1.0,0.2,0.33333333333333337,0.0,45,9,10,0,972.8944444444444,1.0,,,inf,5,0,44.07691248506974,1,5,30
1.0,0.2,0.33333333333333337,0.0,45,9,10,0,972.8944444444444,1.0,,,inf,5,0,48.990474600535634,1,5,30
1.0,0.17777777777777778,0.3018867924528302,0.0,45,8,9,0,972.8944444444444,1.0,,,inf,5,0,55.79463091659577,1,5,30
1.0,0.15555555555555556,0.2692307692307693,0.0,45,7,8,0,972.8944444444444,1.0,,,inf,5,0,60.33802288660015,1,5,30
1.0,0.15555555555555556,0.2692307692307693,0.0,45,7,8,0,972.8944444444444,1.0,,,inf,5,0,80.5277642953852,1,5,30
1.0,0.15555555555555556,0.2692307692307693,0.0,45,7,8,0,972.8944444444444,1.0,,,inf,5,0,97.36426160171172,1,5,30
1.0,0.15555555555555556,0.2692307692307693,0.0,45,7,8,0,972.8944444444444,1.0,,,inf,5,0,112.64288375041319,1,5,30
1.0,0.15555555555555556,0.2692307692307693,0.0,45,7,8,0,972.8944444444444,1.0,,,inf,5,0,125.28149459916213,1,5,30
1.0,0.13333333333333333,0.23529411764705882,0.0,45,6,6,0,972.8944444444444,1.0,,,inf,5,0,130.7715678014759,1,5,30
1.0,0.13333333333333333,0.23529411764705882,0.0,45,6,6,0,972.8944444444444,1.0,,,inf,5,0,141.49681807517032,1,5,30
1.0,0.13333333333333333,0.23529411764705882,0.0,45,6,6,0,972.8944444444444,1.0,,,inf,5,0,149.62382678287946,1,5,30
1.0,0.1111111111111111,0.19999999999999998,0.0,45,5,5,0,972.8944444444444,1.0,,,inf,5,0,156.54897339810017,1,5,30
1.0,0.1111111111111111,0.19999999999999998,0.0,45,5,5,0,972.8944444444444,1.0,,,inf,5,0,163.8130924509352,1,5,30
1.0,0.1111111111111111,0.19999999999999998,0.0,45,5,5,0,972.8944444444444,1.0,,,inf,5,0,170.18428789776058,1,5,30
1.0,0.1111111111111111,0.19999999999999998,0.0,45,5,5,0,972.8944444444444,1.0,,,inf,5,0,171.667843968608,1,5,30
1.0,0.08888888888888889,0.163265306122449,0.0,45,4,4,0,972.8944444444444,1.0,,,inf,5,0,173.88826069617178,1,5,30
1.0,0.08888888888888889,0.163265306122449,0.0,45,4,4,0,972.8944444444444,1.0,,,inf,5,0,178.1869380753781,1,5,30
1.0,0.08888888888888889,0.163265306122449,0.0,45,4,4,0,972.8944444444444,1.0,,,inf,5,0,181.9572113248471,1,5,30
1.0,0.08888888888888889,0.163265306122449,0.0,45,4,4,0,972.8944444444444,1.0,,,inf,5,0,185.26403319621116,1,5,30
1.0,0.08888888888888889,0.163265306122449,0.0,45,4,4,0,972.8944444444444,1.0,,,inf,5,0,188.1643722871835,1,5,30
1.0,0.08888888888888889,0.163265306122449,0.0,45,4,4,0,972.8944444444444,1.0,,,inf,5,0,190.70819447348697,1,5,30
1.0,0.08888888888888889,0.163265306122449,0.0,45,4,4,0,972.8944444444444,1.0,,,inf,5,0,192.93932370099975,1,5,30
1.0,0.08888888888888889,0.163265306122449,0.0,45,4,4,0,972.8944444444444,1.0,,,inf,5,0,194.8961969670064,1,5,30
1.0,0.08888888888888889,0.163265306122449,0.0,45,4,4,0,972.8944444444444,1.0,,,inf,5,0,218.27038111259347,1,5,30
1.0,0.06666666666666667,0.125,0.0,45,3,3,0,972.8944444444444,1.0,,,inf,5,0,263.3282428591278,1,5,30
1.0,0.044444444444444446,0.0851063829787234,0.0,45,2,2,0,972.8944444444444,1.0,,,inf,5,0,278.9000081500924,1,5,30
1.0,0.044444444444444446,0.0851063829787234,0.0,45,2,2,0,972.8944444444444,1.0,,,inf,5,0,287.9568897905598,1,5,30
1.0,0.022222222222222223,0.04347826086956522,0.0,45,1,1,0,972.8944444444444,1.0,,,inf,5,0,303.3434979133257,1,5,30
1.0,0.022222222222222223,0.04347826086956522,0.0,45,1,1,0,972.8944444444444,1.0,,,inf,5,0,370.03331531368195,1,5,30
1.0,0.022222222222222223,0.04347826086956522,0.0,45,1,1,0,972.8944444444444,1.0,,,inf,5,0,399.5413154812969,1,5,30
,0.0,,0.0,45,0,0,0,972.8944444444444,,,,inf,5,0,399.541315481297,1,5,30
