precision,recall,f1,fp_per_10min,n_faults,n_detected,n_incidents,n_false_incidents,normal_fleet_minutes,progressive_latency_median,progressive_latency_p90,threshold,open_n,close_m,cooldown_c
0.08135349172066235,0.9333333333333333,0.14966179461709472,13.162026796254484,45,42,1389,1276,969.4555555555556,60.5,187.0,-0.47718208129476847,2,5,30
0.08508914100486224,0.9111111111111111,0.15564272673041815,11.64571179699946,45,41,1234,1129,969.4555555555556,63.0,255.00000000000009,-0.4330082965009696,2,5,30
0.08945969884853854,0.9111111111111111,0.16292245347602,10.603889926763017,45,41,1129,1028,969.4555555555556,55.0,290.20000000000005,-0.41004097506536175,2,5,30
0.09250243427458617,0.9111111111111111,0.1679530852485878,9.613643396637288,45,41,1027,932,969.4555555555556,56.0,290.20000000000005,-0.399904792215251,2,5,30
0.08710801393728224,0.9111111111111111,0.15901334160719827,8.107643465404408,45,41,861,786,969.4555555555556,58.0,381.40000000000003,-0.3692565962459148,2,5,30
0.0979020979020979,0.9111111111111111,0.17680579085168643,6.653218874282243,45,41,715,645,969.4555555555556,60.0,405.20000000000005,-0.33683298432871145,2,5,30
0.11090909090909092,0.9333333333333333,0.19825885084155545,5.044068262827933,45,42,550,489,969.4555555555556,67.0,412.80000000000007,-0.29570654979638716,2,5,30
0.118,0.9333333333333333,0.20951173113506655,4.548944997765068,45,42,500,441,969.4555555555556,65.0,357.09999999999997,-0.2802684676044786,2,5,30
0.12240663900414937,0.9333333333333333,0.21642866500720553,4.363273773366494,45,42,482,423,969.4555555555556,62.0,357.09999999999997,-0.2779639634412211,2,5,30
0.12679425837320574,0.9111111111111111,0.22260923013881062,3.7649998280821997,45,41,418,365,969.4555555555556,76.0,511.2000000000001,-0.26026603581112856,2,5,30
0.13756613756613756,0.9333333333333333,0.23978919631093543,3.362712175218622,45,42,378,326,969.4555555555556,72.5,495.5999999999999,-0.24525811434985548,2,5,30
0.15269461077844312,0.9111111111111111,0.2615548189380199,2.9191642502664723,45,41,334,283,969.4555555555556,73.5,496.1999999999999,-0.2256838689158919,2,5,30
0.176056338028169,0.9111111111111111,0.2950914063624586,2.413725917181465,45,41,284,234,969.4555555555556,74.0,496.7999999999999,-0.20652867079591167,2,5,30
0.2096069868995633,0.8666666666666667,0.33757100351636454,1.8670273120078853,45,39,229,181,969.4555555555556,70.0,370.20000000000044,-0.1809691031120524,2,5,30
0.27647058823529413,0.8444444444444444,0.4165597667638484,1.2687533667235906,45,38,170,123,969.4555555555556,70.0,183.0,-0.1560160348208821,2,5,30
0.4067796610169492,0.8444444444444444,0.5490668272125226,0.7220547615500109,45,38,118,70,969.4555555555556,70.0,183.0,-0.13869536820560632,2,5,30
0.8666666666666667,0.8444444444444444,0.8554112554112554,0.0825205441771441,45,38,60,8,969.4555555555556,72.0,183.0,-0.07374296024770824,2,5,30
1.0,0.7333333333333333,0.846153846153846,0.0,45,33,42,0,969.4555555555556,73.0,216.6,0.38084818744624666,2,5,30
1.0,0.6888888888888889,0.8157894736842105,0.0,45,31,40,0,969.4555555555556,75.0,282.00000000000006,0.8014107691201462,2,5,30
1.0,0.6,0.7499999999999999,0.0,45,27,35,0,969.4555555555556,69.5,222.10000000000014,1.3,2,5,30
1.0,0.6,0.7499999999999999,0.0,45,27,38,0,969.4555555555556,75.5,231.90000000000015,1.6,2,5,30
1.0,0.5777777777777777,0.732394366197183,0.0,45,26,40,0,969.4555555555556,78.0,240.30000000000015,1.8,2,5,30
1.0,0.5777777777777777,0.732394366197183,0.0,45,26,39,0,969.4555555555556,78.5,240.30000000000015,1.9,2,5,30
1.0,0.5333333333333333,0.6956521739130436,0.0,45,24,36,0,969.4555555555556,80.5,137.8,2.1,2,5,30
1.0,0.5333333333333333,0.6956521739130436,0.0,45,24,33,0,969.4555555555556,87.0,154.0,2.386311674599415,2,5,30
1.0,0.5111111111111111,0.676470588235294,0.0,45,23,32,0,969.4555555555556,88.0,158.0,2.421572051526948,2,5,30
1.0,0.4666666666666667,0.6363636363636364,0.0,45,21,28,0,969.4555555555556,87.0,144.20000000000002,2.7458761341298916,2,5,30
1.0,0.4444444444444444,0.6153846153846153,0.0,45,20,27,0,969.4555555555556,95.0,122.0,3.400172208683168,2,5,30
1.0,0.37777777777777777,0.5483870967741935,0.0,45,17,23,0,969.4555555555556,88.0,120.2,3.9331108919281768,2,5,30
1.0,0.35555555555555557,0.5245901639344263,0.0,45,16,22,0,969.4555555555556,95.0,146.8,4.486345622517238,2,5,30
1.0,0.35555555555555557,0.5245901639344263,0.0,45,16,22,0,969.4555555555556,100.0,168.8,4.9414619310587335,2,5,30
1.0,0.35555555555555557,0.5245901639344263,0.0,45,16,22,0,969.4555555555556,107.0,187.8,5.328631834550192,2,5,30
1.0,0.35555555555555557,0.5245901639344263,0.0,45,16,22,0,969.4555555555556,118.0,207.20000000000002,5.5411667148014585,2,5,30
1.0,0.3333333333333333,0.5,0.0,45,15,20,0,969.4555555555556,124.0,298.50000000000006,5.687657853250999,2,5,30
1.0,0.3333333333333333,0.5,0.0,45,15,18,0,969.4555555555556,139.0,305.40000000000003,5.932477967125541,2,5,30
1.0,0.28888888888888886,0.4482758620689655,0.0,45,13,16,0,969.4555555555556,178.0,333.2,6.272859242034649,2,5,30
1.0,0.24444444444444444,0.39285714285714285,0.0,45,11,14,0,969.4555555555556,372.0,372.0,7.0,2,5,30
1.0,0.17777777777777778,0.3018867924528302,0.0,45,8,11,0,969.4555555555556,,,8.724385357066543,2,5,30
1.0,0.17777777777777778,0.3018867924528302,0.0,45,8,10,0,969.4555555555556,,,12.0,2,5,30
1.0,0.17777777777777778,0.3018867924528302,0.0,45,8,10,0,969.4555555555556,,,15.75,2,5,30
1.0,0.15555555555555556,0.2692307692307693,0.0,45,7,9,0,969.4555555555556,,,18.802064377381612,2,5,30
1.0,0.13333333333333333,0.23529411764705882,0.0,45,6,8,0,969.4555555555556,,,22.0,2,5,30
1.0,0.13333333333333333,0.23529411764705882,0.0,45,6,8,0,969.4555555555556,,,31.949720827290246,2,5,30
1.0,0.13333333333333333,0.23529411764705882,0.0,45,6,8,0,969.4555555555556,,,40.88826891900195,2,5,30
1.0,0.13333333333333333,0.23529411764705882,0.0,45,6,7,0,969.4555555555556,,,45.07665767808439,2,5,30
1.0,0.1111111111111111,0.19999999999999998,0.0,45,5,6,0,969.4555555555556,,,49.9018463813574,2,5,30
1.0,0.08888888888888889,0.163265306122449,0.0,45,4,4,0,969.4555555555556,,,53.30172992877973,2,5,30
1.0,0.08888888888888889,0.163265306122449,0.0,45,4,4,0,969.4555555555556,,,58.591281793963084,2,5,30
1.0,0.08888888888888889,0.163265306122449,0.0,45,4,4,0,969.4555555555556,,,63.23062876969925,2,5,30
1.0,0.08888888888888889,0.163265306122449,0.0,45,4,4,0,969.4555555555556,,,66.16416956436436,2,5,30
1.0,0.06666666666666667,0.125,0.0,45,3,3,0,969.4555555555556,,,69.20191604777938,2,5,30
1.0,0.06666666666666667,0.125,0.0,45,3,3,0,969.4555555555556,,,72.33210661647414,2,5,30
1.0,0.06666666666666667,0.125,0.0,45,3,3,0,969.4555555555556,,,75.07752636438818,2,5,30
1.0,0.06666666666666667,0.125,0.0,45,3,3,0,969.4555555555556,,,77.48547227914484,2,5,30
1.0,0.06666666666666667,0.125,0.0,45,3,3,0,969.4555555555556,,,79.59742748481221,2,5,30
1.0,0.06666666666666667,0.125,0.0,45,3,3,0,969.4555555555556,,,81.449775896559,2,5,30
1.0,0.06666666666666667,0.125,0.0,45,3,3,0,969.4555555555556,,,83.07442902806604,2,5,30
1.0,0.06666666666666667,0.125,0.0,45,3,3,0,969.4555555555556,,,84.49937575027191,2,5,30
1.0,0.06666666666666667,0.125,0.0,45,3,3,0,969.4555555555556,,,85.7491644724117,2,5,30
1.0,0.06666666666666667,0.125,0.0,45,3,3,0,969.4555555555556,,,86.84532605210552,2,5,30
1.0,0.06666666666666667,0.125,0.0,45,3,3,0,969.4555555555556,,,87.80674472031146,2,5,30
1.0,0.06666666666666667,0.125,0.0,45,3,3,0,969.4555555555556,,,88.64998341130558,2,5,30
1.0,0.06666666666666667,0.125,0.0,45,3,3,0,969.4555555555556,,,89.3895691022238,2,5,30
1.0,0.06666666666666667,0.125,0.0,45,3,3,0,969.4555555555556,,,90.03824307801551,2,5,30
1.0,0.06666666666666667,0.125,0.0,45,3,3,0,969.4555555555556,,,90.6071804331053,2,5,30
1.0,0.044444444444444446,0.0851063829787234,0.0,45,2,2,0,969.4555555555556,,,91.10618259150458,2,5,30
1.0,0.044444444444444446,0.0851063829787234,0.0,45,2,2,0,969.4555555555556,,,100.3564950958085,2,5,30
1.0,0.044444444444444446,0.0851063829787234,0.0,45,2,2,0,969.4555555555556,,,105.620921456254,2,5,30
1.0,0.022222222222222223,0.04347826086956522,0.0,45,1,1,0,969.4555555555556,,,126.53452557967579,2,5,30
1.0,0.022222222222222223,0.04347826086956522,0.0,45,1,1,0,969.4555555555556,,,217.43453377946585,2,5,30
1.0,0.022222222222222223,0.04347826086956522,0.0,45,1,1,0,969.4555555555556,,,257.7017327834101,2,5,30
,0.0,,0.0,45,0,0,0,969.4555555555556,,,257.70173278341014,2,5,30
